id,dateTime,businessDate,featureName,featureAdditionalName,first_seen,last_seen,avail_at_first_seen,avail_at_last_seen,soldout_at_last_seen,snapshots_seen,featureId,featureTypeId,featureCategoryId,featureCategoryCodes,featureCategoryName,featureRatingName,featureRatingId,featureRatingCode,durationInMinutes,featureCode,featureImportCode,venueTypeId,venueId,venueName,venueTinyName,venueAdditionalName,seatplanId,venueLocation,venueCity,venueLocationId,locationName,language,dubbedLanguage,subbedLanguage,language2,dubbedLanguage2,subbedLanguage2,languageISO,dubbedLanguageISO,subbedLanguageISO,isOriginalVersion,language2ISO,dubbedLanguage2ISO,subbedLanguage2ISO,private,specialEngagement,timestamp,vodStartDateTime,vodEndDateTime,presentationSynopsis,shortSynopsis,isAddonsEnabled,externalUrl,externalUrlLabel,inSeriesName,soldout,availRatio,ticketSaleStop,ticketSaleStart,isBestAvailableEnabled,isReserved,newBookingUrl,featureAttributes,featureAttributeIds,featureAttributeAbbrvs
606755,2026-09-28 14:30,2026-09-28,פרימוורה,Primavera,2026-09-28 11:37,2026-09-28 14:01,0.9625,0.9438,0,5,4777,1,,,,אחר,3,,110,8262,8262,1,44,לב 1,1,,1,,ירושלים,1158,לב סמדר,20,,2,0,0,1,it,,he,0,,,en,0,0,2026-09-28 11:38:05,,,,,0,,,,0,0.9438,2026-09-28 14:30:00,2026-09-17 12:50:00,1,1,,,,
606756,2026-09-28 16:45,2026-09-28,אומהה,Omaha,2026-09-28 11:37,2026-09-28 16:40,0.9925,0.9476,0,7,4953,1,,,,מותר לכל הגילאים,1,,83,4953,8360,1,44,לב 1,1,,1,,ירושלים,1158,לב סמדר,1,,2,0,0,0,en,,he,0,,,,0,0,2026-09-28 11:38:18,,,,,0,,,,0,0.9476,2026-09-28 16:45:00,2026-09-17 12:50:00,1,1,,,,
606754,2026-09-28 18:40,2026-09-28,עצמאות,Tell Me Everything,2026-09-28 11:37,2026-09-28 18:39,0.9438,0.809,0,16,4961,1,,,,12+,4,,109,4961,52406,1,44,לב 1,1,,1,,ירושלים,1158,לב סמדר,2,,2,0,0,0,he,,he,0,,,,0,0,2026-09-28 11:38:27,,,,,0,,,,0,0.809,2026-09-28 18:40:00,2026-09-17 12:50:00,1,1,,,,
606753,2026-09-28 21:00,2026-09-28,פרימוורה,Primavera,2026-09-28 11:37,2026-09-28 20:59,0.9625,0.8689,0,25,4777,1,,,,אחר,3,,110,8262,8262,1,44,לב 1,1,,1,,ירושלים,1158,לב סמדר,20,,2,0,0,1,it,,he,0,,,en,0,0,2026-09-28 11:38:36,,,,,0,,,,0,0.8689,2026-09-28 21:00:00,2026-09-17 12:50:00,1,1,,,,
606757,2026-09-29 10:50,2026-09-29,פרימוורה,Primavera,2026-09-28 11:37,2026-09-28 22:23,0.985,0.9775,0,28,4777,1,,,,אחר,3,,110,8262,8262,1,44,לב 1,1,,1,,ירושלים,1158,לב סמדר,20,,2,0,0,1,it,,he,0,,,en,0,0,2026-09-22 10:09:03,,,,,0,,,,0,0.9775,2026-09-29 10:50:00,2026-09-17 12:49:00,1,1,,,,
606759,2026-09-29 13:10,2026-09-29,עצמאות,Tell Me Everything,2026-09-28 11:37,2026-09-28 22:23,0.9813,0.9738,0,28,4961,1,,,,12+,4,,109,4961,52406,1,44,לב 1,1,,1,,ירושלים,1158,לב סמדר,2,,2,0,0,0,he,,he,0,,,,0,0,2026-09-22 10:09:04,,,,,0,,,,0,0.9738,2026-09-29 13:10:00,2026-09-17 12:49:00,1,1,,,,
606761,2026-09-29 15:20,2026-09-29,אומהה,Omaha,2026-09-28 11:37,2026-09-28 22:23,0.9925,0.9925,0,28,4953,1,,,,מותר לכל הגילאים,1,,83,4953,8360,1,44,לב 1,1,,1,,ירושלים,1158,לב סמדר,1,,2,0,0,0,en,,he,0,,,,0,0,2026-09-22 10:09:04,,,,,0,,,,0,0.9925,2026-09-29 15:20:00,2026-09-17 12:49:00,1,1,,,,
606762,2026-09-29 17:10,2026-09-29,עצמאות,Tell Me Everything,2026-09-28 11:37,2026-09-28 22:23,0.985,0.97,0,28,4961,1,,,,12+,4,,109,4961,52406,1,44,לב 1,1,,1,,ירושלים,1158,לב סמדר,2,,2,0,0,0,he,,he,0,,,,0,0,2026-09-22 10:09:04,,,,,0,,,,0,0.97,2026-09-29 17:10:00,2026-09-17 12:49:00,1,1,,,,
606758,2026-09-29 19:20,2026-09-29,פרימוורה,Primavera,2026-09-28 11:37,2026-09-28 22:23,0.985,0.9813,0,28,4777,1,,,,אחר,3,,110,8262,8262,1,44,לב 1,1,,1,,ירושלים,1158,לב סמדר,20,,2,0,0,1,it,,he,0,,,en,0,0,2026-09-22 10:09:03,,,,,0,,,,0,0.9813,2026-09-29 19:20:00,2026-09-17 12:49:00,1,1,,,,
606760,2026-09-29 21:30,2026-09-29,עצמאות,Tell Me Everything,2026-09-28 11:37,2026-09-28 22:23,0.9925,0.9925,0,28,4961,1,,,,12+,4,,109,4961,52406,1,44,לב 1,1,,1,,ירושלים,1158,לב סמדר,2,,2,0,0,0,he,,he,0,,,,0,0,2026-09-22 10:09:04,,,,,0,,,,0,0.9925,2026-09-29 21:30:00,2026-09-17 12:49:00,1,1,,,,
606766,2026-09-30 14:15,2026-09-30,עצמאות,Tell Me Everything,2026-09-28 11:37,2026-09-28 22:23,0.9925,0.9925,0,28,4961,1,,,,12+,4,,109,4961,52406,1,44,לב 1,1,,1,,ירושלים,1158,לב סמדר,2,,2,0,0,0,he,,he,0,,,,0,0,2026-09-22 10:09:20,,,,,0,,,,0,0.9925,2026-09-30 14:15:00,2026-09-17 12:50:00,1,1,,,,
606765,2026-09-30 16:30,2026-09-30,שנת הבגידה שלי,A Brief Affair,2026-09-28 11:37,2026-09-28 22:23,0.9925,0.9925,0,28,4836,1,,,,אחר,3,,98,8420,8420,1,44,לב 1,1,,1,,ירושלים,1158,לב סמדר,20,,2,0,0,1,it,,he,0,,,en,0,0,2026-09-22 10:09:19,,,,,0,,,,0,0.9925,2026-09-30 16:30:00,2026-09-17 12:50:00,1,1,,,,
606763,2026-09-30 18:40,2026-09-30,פרימוורה,Primavera,2026-09-28 11:37,2026-09-28 22:23,0.9513,0.9401,0,28,4777,1,,,,אחר,3,,110,8262,8262,1,44,לב 1,1,,1,,ירושלים,1158,לב סמדר,20,,2,0,0,1,it,,he,0,,,en,0,0,2026-09-22 10:09:19,,,,,0,,,,0,0.9401,2026-09-30 18:40:00,2026-09-17 12:50:00,1,1,,,,
606764,2026-09-30 21:00,2026-09-30,עצמאות,Tell Me Everything,2026-09-28 11:37,2026-09-28 22:23,0.9925,0.9925,0,28,4961,1,,,,12+,4,,109,4961,52406,1,44,לב 1,1,,1,,ירושלים,1158,לב סמדר,2,,2,0,0,0,he,,he,0,,,,0,0,2026-09-22 10:09:19,,,,,0,,,,0,0.9925,2026-09-30 21:00:00,2026-09-17 12:50:00,1,1,,,,
