snapshot_at,presentation_id,business_date,weekday,start,film,duration_min,avail_ratio,soldout
2026-09-27 12:24,seed-2026-09-27 14:15,2026-09-27,א',14:15,עצמאות,109,0.9925,0
2026-09-27 12:24,seed-2026-09-27 16:30,2026-09-27,א',16:30,שנת הבגידה שלי,98,0.9925,0
2026-09-27 12:24,seed-2026-09-27 18:40,2026-09-27,א',18:40,פרימוורה,110,0.9326,0
2026-09-27 12:24,seed-2026-09-27 21:00,2026-09-27,א',21:00,עצמאות,109,0.9775,0
2026-09-27 12:24,seed-2026-09-28 14:30,2026-09-28,ב',14:30,פרימוורה,110,0.9775,0
2026-09-27 12:24,seed-2026-09-28 16:45,2026-09-28,ב',16:45,אומהה,83,0.9925,0
2026-09-27 12:24,seed-2026-09-28 18:40,2026-09-28,ב',18:40,עצמאות,109,0.97,0
2026-09-27 12:24,seed-2026-09-28 21:00,2026-09-28,ב',21:00,פרימוורה,110,0.9925,0
2026-09-27 12:24,seed-2026-09-29 10:50,2026-09-29,ג',10:50,פרימוורה,110,0.9888,0
2026-09-27 12:24,seed-2026-09-29 13:10,2026-09-29,ג',13:10,עצמאות,109,0.9813,0
2026-09-27 12:24,seed-2026-09-29 15:20,2026-09-29,ג',15:20,אומהה,83,0.9925,0
2026-09-27 12:24,seed-2026-09-29 17:10,2026-09-29,ג',17:10,עצמאות,109,0.9925,0
2026-09-27 12:24,seed-2026-09-29 19:20,2026-09-29,ג',19:20,פרימוורה,110,0.985,0
2026-09-27 12:24,seed-2026-09-29 21:30,2026-09-29,ג',21:30,עצמאות,109,0.9925,0
2026-09-27 12:24,seed-2026-09-30 14:15,2026-09-30,ד',14:15,עצמאות,109,0.9925,0
2026-09-27 12:24,seed-2026-09-30 16:30,2026-09-30,ד',16:30,שנת הבגידה שלי,98,0.9925,0
2026-09-27 12:24,seed-2026-09-30 18:40,2026-09-30,ד',18:40,פרימוורה,110,0.9663,0
2026-09-27 12:24,seed-2026-09-30 21:00,2026-09-30,ד',21:00,עצמאות,109,0.9925,0
2026-09-27 12:40,606752,2026-09-27,א',14:15,עצמאות,109,0.9925,0
2026-09-27 12:40,606751,2026-09-27,א',16:30,שנת הבגידה שלי,98,0.9925,0
2026-09-27 12:40,606749,2026-09-27,א',18:40,פרימוורה,110,0.9326,0
2026-09-27 12:40,606750,2026-09-27,א',21:00,עצמאות,109,0.9775,0
2026-09-27 12:40,606755,2026-09-28,ב',14:30,פרימוורה,110,0.9775,0
2026-09-27 12:40,606756,2026-09-28,ב',16:45,אומהה,83,0.9925,0
2026-09-27 12:40,606754,2026-09-28,ב',18:40,עצמאות,109,0.97,0
2026-09-27 12:40,606753,2026-09-28,ב',21:00,פרימוורה,110,0.9925,0
2026-09-27 12:40,606757,2026-09-29,ג',10:50,פרימוורה,110,0.9888,0
2026-09-27 12:40,606759,2026-09-29,ג',13:10,עצמאות,109,0.9813,0
2026-09-27 12:40,606761,2026-09-29,ג',15:20,אומהה,83,0.9925,0
2026-09-27 12:40,606762,2026-09-29,ג',17:10,עצמאות,109,0.9925,0
2026-09-27 12:40,606758,2026-09-29,ג',19:20,פרימוורה,110,0.985,0
2026-09-27 12:40,606760,2026-09-29,ג',21:30,עצמאות,109,0.9925,0
2026-09-27 12:40,606766,2026-09-30,ד',14:15,עצמאות,109,0.9925,0
2026-09-27 12:40,606765,2026-09-30,ד',16:30,שנת הבגידה שלי,98,0.9925,0
2026-09-27 12:40,606763,2026-09-30,ד',18:40,פרימוורה,110,0.9663,0
2026-09-27 12:40,606764,2026-09-30,ד',21:00,עצמאות,109,0.9925,0
2026-09-27 12:52,606752,2026-09-27,א',14:15,עצמאות,109,0.9925,0
2026-09-27 12:52,606751,2026-09-27,א',16:30,שנת הבגידה שלי,98,0.985,0
2026-09-27 12:52,606749,2026-09-27,א',18:40,פרימוורה,110,0.9251,0
2026-09-27 12:52,606750,2026-09-27,א',21:00,עצמאות,109,0.9775,0
2026-09-27 12:52,606755,2026-09-28,ב',14:30,פרימוורה,110,0.9775,0
2026-09-27 12:52,606756,2026-09-28,ב',16:45,אומהה,83,0.9925,0
2026-09-27 12:52,606754,2026-09-28,ב',18:40,עצמאות,109,0.97,0
2026-09-27 12:52,606753,2026-09-28,ב',21:00,פרימוורה,110,0.9925,0
2026-09-27 12:52,606757,2026-09-29,ג',10:50,פרימוורה,110,0.9888,0
2026-09-27 12:52,606759,2026-09-29,ג',13:10,עצמאות,109,0.9813,0
2026-09-27 12:52,606761,2026-09-29,ג',15:20,אומהה,83,0.9925,0
2026-09-27 12:52,606762,2026-09-29,ג',17:10,עצמאות,109,0.9925,0
2026-09-27 12:52,606758,2026-09-29,ג',19:20,פרימוורה,110,0.985,0
2026-09-27 12:52,606760,2026-09-29,ג',21:30,עצמאות,109,0.9925,0
2026-09-27 12:52,606766,2026-09-30,ד',14:15,עצמאות,109,0.9925,0
2026-09-27 12:52,606765,2026-09-30,ד',16:30,שנת הבגידה שלי,98,0.9925,0
2026-09-27 12:52,606763,2026-09-30,ד',18:40,פרימוורה,110,0.9663,0
2026-09-27 12:52,606764,2026-09-30,ד',21:00,עצמאות,109,0.9925,0
2026-09-27 13:00,606752,2026-09-27,א',14:15,עצמאות,109,0.9925,0
2026-09-27 13:00,606751,2026-09-27,א',16:30,שנת הבגידה שלי,98,0.985,0
2026-09-27 13:00,606749,2026-09-27,א',18:40,פרימוורה,110,0.9176,0
2026-09-27 13:00,606750,2026-09-27,א',21:00,עצמאות,109,0.9775,0
2026-09-27 13:00,606755,2026-09-28,ב',14:30,פרימוורה,110,0.9775,0
2026-09-27 13:00,606756,2026-09-28,ב',16:45,אומהה,83,0.9925,0
2026-09-27 13:00,606754,2026-09-28,ב',18:40,עצמאות,109,0.97,0
2026-09-27 13:00,606753,2026-09-28,ב',21:00,פרימוורה,110,0.9925,0
2026-09-27 13:00,606757,2026-09-29,ג',10:50,פרימוורה,110,0.9888,0
2026-09-27 13:00,606759,2026-09-29,ג',13:10,עצמאות,109,0.9813,0
2026-09-27 13:00,606761,2026-09-29,ג',15:20,אומהה,83,0.9925,0
2026-09-27 13:00,606762,2026-09-29,ג',17:10,עצמאות,109,0.9925,0
2026-09-27 13:00,606758,2026-09-29,ג',19:20,פרימוורה,110,0.985,0
2026-09-27 13:00,606760,2026-09-29,ג',21:30,עצמאות,109,0.9925,0
2026-09-27 13:00,606766,2026-09-30,ד',14:15,עצמאות,109,0.9925,0
2026-09-27 13:00,606765,2026-09-30,ד',16:30,שנת הבגידה שלי,98,0.9925,0
2026-09-27 13:00,606763,2026-09-30,ד',18:40,פרימוורה,110,0.9663,0
2026-09-27 13:00,606764,2026-09-30,ד',21:00,עצמאות,109,0.9925,0
2026-09-27 13:20,606752,2026-09-27,א',14:15,עצמאות,109,0.9925,0
2026-09-27 13:20,606751,2026-09-27,א',16:30,שנת הבגידה שלי,98,0.985,0
2026-09-27 13:20,606749,2026-09-27,א',18:40,פרימוורה,110,0.9101,0
2026-09-27 13:20,606750,2026-09-27,א',21:00,עצמאות,109,0.9775,0
2026-09-27 13:20,606755,2026-09-28,ב',14:30,פרימוורה,110,0.9775,0
2026-09-27 13:20,606756,2026-09-28,ב',16:45,אומהה,83,0.9925,0
2026-09-27 13:20,606754,2026-09-28,ב',18:40,עצמאות,109,0.97,0
2026-09-27 13:20,606753,2026-09-28,ב',21:00,פרימוורה,110,0.9925,0
2026-09-27 13:20,606757,2026-09-29,ג',10:50,פרימוורה,110,0.9888,0
2026-09-27 13:20,606759,2026-09-29,ג',13:10,עצמאות,109,0.9813,0
2026-09-27 13:20,606761,2026-09-29,ג',15:20,אומהה,83,0.9925,0
2026-09-27 13:20,606762,2026-09-29,ג',17:10,עצמאות,109,0.9925,0
2026-09-27 13:20,606758,2026-09-29,ג',19:20,פרימוורה,110,0.985,0
2026-09-27 13:20,606760,2026-09-29,ג',21:30,עצמאות,109,0.9925,0
2026-09-27 13:20,606766,2026-09-30,ד',14:15,עצמאות,109,0.9925,0
2026-09-27 13:20,606765,2026-09-30,ד',16:30,שנת הבגידה שלי,98,0.9925,0
2026-09-27 13:20,606763,2026-09-30,ד',18:40,פרימוורה,110,0.9663,0
2026-09-27 13:20,606764,2026-09-30,ד',21:00,עצמאות,109,0.9925,0
2026-09-27 13:47,606752,2026-09-27,א',14:15,עצמאות,109,0.9925,0
2026-09-27 13:47,606751,2026-09-27,א',16:30,שנת הבגידה שלי,98,0.985,0
2026-09-27 13:47,606749,2026-09-27,א',18:40,פרימוורה,110,0.9064,0
2026-09-27 13:47,606750,2026-09-27,א',21:00,עצמאות,109,0.97,0
2026-09-27 13:47,606755,2026-09-28,ב',14:30,פרימוורה,110,0.9775,0
2026-09-27 13:47,606756,2026-09-28,ב',16:45,אומהה,83,0.9925,0
2026-09-27 13:47,606754,2026-09-28,ב',18:40,עצמאות,109,0.97,0
2026-09-27 13:47,606753,2026-09-28,ב',21:00,פרימוורה,110,0.9925,0
2026-09-27 13:47,606757,2026-09-29,ג',10:50,פרימוורה,110,0.9888,0
2026-09-27 13:47,606759,2026-09-29,ג',13:10,עצמאות,109,0.9813,0
2026-09-27 13:47,606761,2026-09-29,ג',15:20,אומהה,83,0.9925,0
2026-09-27 13:47,606762,2026-09-29,ג',17:10,עצמאות,109,0.9925,0
2026-09-27 13:47,606758,2026-09-29,ג',19:20,פרימוורה,110,0.985,0
2026-09-27 13:47,606760,2026-09-29,ג',21:30,עצמאות,109,0.9925,0
2026-09-27 13:47,606766,2026-09-30,ד',14:15,עצמאות,109,0.9925,0
2026-09-27 13:47,606765,2026-09-30,ד',16:30,שנת הבגידה שלי,98,0.9925,0
2026-09-27 13:47,606763,2026-09-30,ד',18:40,פרימוורה,110,0.9663,0
2026-09-27 13:47,606764,2026-09-30,ד',21:00,עצמאות,109,0.9925,0
2026-09-27 14:40,606751,2026-09-27,א',16:30,שנת הבגידה שלי,98,0.985,0
2026-09-27 14:40,606749,2026-09-27,א',18:40,פרימוורה,110,0.9064,0
2026-09-27 14:40,606750,2026-09-27,א',21:00,עצמאות,109,0.97,0
2026-09-27 14:40,606755,2026-09-28,ב',14:30,פרימוורה,110,0.9775,0
2026-09-27 14:40,606756,2026-09-28,ב',16:45,אומהה,83,0.9925,0
2026-09-27 14:40,606754,2026-09-28,ב',18:40,עצמאות,109,0.97,0
2026-09-27 14:40,606753,2026-09-28,ב',21:00,פרימוורה,110,0.9925,0
2026-09-27 14:40,606757,2026-09-29,ג',10:50,פרימוורה,110,0.9888,0
2026-09-27 14:40,606759,2026-09-29,ג',13:10,עצמאות,109,0.9813,0
2026-09-27 14:40,606761,2026-09-29,ג',15:20,אומהה,83,0.9925,0
2026-09-27 14:40,606762,2026-09-29,ג',17:10,עצמאות,109,0.9925,0
2026-09-27 14:40,606758,2026-09-29,ג',19:20,פרימוורה,110,0.985,0
2026-09-27 14:40,606760,2026-09-29,ג',21:30,עצמאות,109,0.9925,0
2026-09-27 14:40,606766,2026-09-30,ד',14:15,עצמאות,109,0.9925,0
2026-09-27 14:40,606765,2026-09-30,ד',16:30,שנת הבגידה שלי,98,0.9925,0
2026-09-27 14:40,606763,2026-09-30,ד',18:40,פרימוורה,110,0.9513,0
2026-09-27 14:40,606764,2026-09-30,ד',21:00,עצמאות,109,0.9925,0
2026-09-27 15:00,606751,2026-09-27,א',16:30,שנת הבגידה שלי,98,0.985,0
2026-09-27 15:00,606749,2026-09-27,א',18:40,פרימוורה,110,0.9064,0
2026-09-27 15:00,606750,2026-09-27,א',21:00,עצמאות,109,0.97,0
2026-09-27 15:00,606755,2026-09-28,ב',14:30,פרימוורה,110,0.9775,0
2026-09-27 15:00,606756,2026-09-28,ב',16:45,אומהה,83,0.9925,0
2026-09-27 15:00,606754,2026-09-28,ב',18:40,עצמאות,109,0.97,0
2026-09-27 15:00,606753,2026-09-28,ב',21:00,פרימוורה,110,0.9925,0
2026-09-27 15:00,606757,2026-09-29,ג',10:50,פרימוורה,110,0.9888,0
2026-09-27 15:00,606759,2026-09-29,ג',13:10,עצמאות,109,0.9813,0
2026-09-27 15:00,606761,2026-09-29,ג',15:20,אומהה,83,0.9925,0
2026-09-27 15:00,606762,2026-09-29,ג',17:10,עצמאות,109,0.9925,0
2026-09-27 15:00,606758,2026-09-29,ג',19:20,פרימוורה,110,0.985,0
2026-09-27 15:00,606760,2026-09-29,ג',21:30,עצמאות,109,0.9925,0
2026-09-27 15:00,606766,2026-09-30,ד',14:15,עצמאות,109,0.9925,0
2026-09-27 15:00,606765,2026-09-30,ד',16:30,שנת הבגידה שלי,98,0.9925,0
2026-09-27 15:00,606763,2026-09-30,ד',18:40,פרימוורה,110,0.9513,0
2026-09-27 15:00,606764,2026-09-30,ד',21:00,עצמאות,109,0.9925,0
2026-09-27 15:20,606751,2026-09-27,א',16:30,שנת הבגידה שלי,98,0.985,0
2026-09-27 15:20,606749,2026-09-27,א',18:40,פרימוורה,110,0.9064,0
2026-09-27 15:20,606750,2026-09-27,א',21:00,עצמאות,109,0.97,0
2026-09-27 15:20,606755,2026-09-28,ב',14:30,פרימוורה,110,0.9775,0
2026-09-27 15:20,606756,2026-09-28,ב',16:45,אומהה,83,0.9925,0
2026-09-27 15:20,606754,2026-09-28,ב',18:40,עצמאות,109,0.97,0
2026-09-27 15:20,606753,2026-09-28,ב',21:00,פרימוורה,110,0.9925,0
2026-09-27 15:20,606757,2026-09-29,ג',10:50,פרימוורה,110,0.9888,0
2026-09-27 15:20,606759,2026-09-29,ג',13:10,עצמאות,109,0.9813,0
2026-09-27 15:20,606761,2026-09-29,ג',15:20,אומהה,83,0.9925,0
2026-09-27 15:20,606762,2026-09-29,ג',17:10,עצמאות,109,0.9925,0
2026-09-27 15:20,606758,2026-09-29,ג',19:20,פרימוורה,110,0.985,0
2026-09-27 15:20,606760,2026-09-29,ג',21:30,עצמאות,109,0.9925,0
2026-09-27 15:20,606766,2026-09-30,ד',14:15,עצמאות,109,0.9925,0
2026-09-27 15:20,606765,2026-09-30,ד',16:30,שנת הבגידה שלי,98,0.9925,0
2026-09-27 15:20,606763,2026-09-30,ד',18:40,פרימוורה,110,0.9513,0
2026-09-27 15:20,606764,2026-09-30,ד',21:00,עצמאות,109,0.9925,0
2026-09-27 21:40,606755,2026-09-28,ב',14:30,פרימוורה,110,0.97,0
2026-09-27 21:40,606756,2026-09-28,ב',16:45,אומהה,83,0.9925,0
2026-09-27 21:40,606754,2026-09-28,ב',18:40,עצמאות,109,0.97,0
2026-09-27 21:40,606753,2026-09-28,ב',21:00,פרימוורה,110,0.97,0
2026-09-27 21:40,606757,2026-09-29,ג',10:50,פרימוורה,110,0.985,0
2026-09-27 21:40,606759,2026-09-29,ג',13:10,עצמאות,109,0.9813,0
2026-09-27 21:40,606761,2026-09-29,ג',15:20,אומהה,83,0.9925,0
2026-09-27 21:40,606762,2026-09-29,ג',17:10,עצמאות,109,0.9925,0
2026-09-27 21:40,606758,2026-09-29,ג',19:20,פרימוורה,110,0.985,0
2026-09-27 21:40,606760,2026-09-29,ג',21:30,עצמאות,109,0.9925,0
2026-09-27 21:40,606766,2026-09-30,ד',14:15,עצמאות,109,0.9925,0
2026-09-27 21:40,606765,2026-09-30,ד',16:30,שנת הבגידה שלי,98,0.9925,0
2026-09-27 21:40,606763,2026-09-30,ד',18:40,פרימוורה,110,0.9513,0
2026-09-27 21:40,606764,2026-09-30,ד',21:00,עצמאות,109,0.9925,0
2026-09-28 03:20,606755,2026-09-28,ב',14:30,פרימוורה,110,0.97,0
2026-09-28 03:20,606756,2026-09-28,ב',16:45,אומהה,83,0.9925,0
2026-09-28 03:20,606754,2026-09-28,ב',18:40,עצמאות,109,0.9625,0
2026-09-28 03:20,606753,2026-09-28,ב',21:00,פרימוורה,110,0.97,0
2026-09-28 03:20,606757,2026-09-29,ג',10:50,פרימוורה,110,0.985,0
2026-09-28 03:20,606759,2026-09-29,ג',13:10,עצמאות,109,0.9813,0
2026-09-28 03:20,606761,2026-09-29,ג',15:20,אומהה,83,0.9925,0
2026-09-28 03:20,606762,2026-09-29,ג',17:10,עצמאות,109,0.9925,0
2026-09-28 03:20,606758,2026-09-29,ג',19:20,פרימוורה,110,0.985,0
2026-09-28 03:20,606760,2026-09-29,ג',21:30,עצמאות,109,0.9925,0
2026-09-28 03:20,606766,2026-09-30,ד',14:15,עצמאות,109,0.9925,0
2026-09-28 03:20,606765,2026-09-30,ד',16:30,שנת הבגידה שלי,98,0.9925,0
2026-09-28 03:20,606763,2026-09-30,ד',18:40,פרימוורה,110,0.9513,0
2026-09-28 03:20,606764,2026-09-30,ד',21:00,עצמאות,109,0.9925,0
2026-09-28 06:40,606755,2026-09-28,ב',14:30,פרימוורה,110,0.97,0
2026-09-28 06:40,606756,2026-09-28,ב',16:45,אומהה,83,0.9925,0
2026-09-28 06:40,606754,2026-09-28,ב',18:40,עצמאות,109,0.9625,0
2026-09-28 06:40,606753,2026-09-28,ב',21:00,פרימוורה,110,0.97,0
2026-09-28 06:40,606757,2026-09-29,ג',10:50,פרימוורה,110,0.985,0
2026-09-28 06:40,606759,2026-09-29,ג',13:10,עצמאות,109,0.9813,0
2026-09-28 06:40,606761,2026-09-29,ג',15:20,אומהה,83,0.9925,0
2026-09-28 06:40,606762,2026-09-29,ג',17:10,עצמאות,109,0.9925,0
2026-09-28 06:40,606758,2026-09-29,ג',19:20,פרימוורה,110,0.985,0
2026-09-28 06:40,606760,2026-09-29,ג',21:30,עצמאות,109,0.9925,0
2026-09-28 06:40,606766,2026-09-30,ד',14:15,עצמאות,109,0.9925,0
2026-09-28 06:40,606765,2026-09-30,ד',16:30,שנת הבגידה שלי,98,0.9925,0
2026-09-28 06:40,606763,2026-09-30,ד',18:40,פרימוורה,110,0.9513,0
2026-09-28 06:40,606764,2026-09-30,ד',21:00,עצמאות,109,0.9925,0
2026-09-28 10:14,606755,2026-09-28,ב',14:30,פרימוורה,110,0.9625,0
2026-09-28 10:14,606756,2026-09-28,ב',16:45,אומהה,83,0.9925,0
2026-09-28 10:14,606754,2026-09-28,ב',18:40,עצמאות,109,0.9513,0
2026-09-28 10:14,606753,2026-09-28,ב',21:00,פרימוורה,110,0.97,0
2026-09-28 10:14,606757,2026-09-29,ג',10:50,פרימוורה,110,0.985,0
2026-09-28 10:14,606759,2026-09-29,ג',13:10,עצמאות,109,0.9813,0
2026-09-28 10:14,606761,2026-09-29,ג',15:20,אומהה,83,0.9925,0
2026-09-28 10:14,606762,2026-09-29,ג',17:10,עצמאות,109,0.9925,0
2026-09-28 10:14,606758,2026-09-29,ג',19:20,פרימוורה,110,0.985,0
2026-09-28 10:14,606760,2026-09-29,ג',21:30,עצמאות,109,0.9925,0
2026-09-28 10:14,606766,2026-09-30,ד',14:15,עצמאות,109,0.9925,0
2026-09-28 10:14,606765,2026-09-30,ד',16:30,שנת הבגידה שלי,98,0.9925,0
2026-09-28 10:14,606763,2026-09-30,ד',18:40,פרימוורה,110,0.9513,0
2026-09-28 10:14,606764,2026-09-30,ד',21:00,עצמאות,109,0.9925,0
2026-09-28 10:20,606755,2026-09-28,ב',14:30,פרימוורה,110,0.9625,0
2026-09-28 10:20,606756,2026-09-28,ב',16:45,אומהה,83,0.9925,0
2026-09-28 10:20,606754,2026-09-28,ב',18:40,עצמאות,109,0.9513,0
2026-09-28 10:20,606753,2026-09-28,ב',21:00,פרימוורה,110,0.97,0
2026-09-28 10:20,606757,2026-09-29,ג',10:50,פרימוורה,110,0.985,0
2026-09-28 10:20,606759,2026-09-29,ג',13:10,עצמאות,109,0.9813,0
2026-09-28 10:20,606761,2026-09-29,ג',15:20,אומהה,83,0.9925,0
2026-09-28 10:20,606762,2026-09-29,ג',17:10,עצמאות,109,0.9925,0
2026-09-28 10:20,606758,2026-09-29,ג',19:20,פרימוורה,110,0.985,0
2026-09-28 10:20,606760,2026-09-29,ג',21:30,עצמאות,109,0.9925,0
2026-09-28 10:20,606766,2026-09-30,ד',14:15,עצמאות,109,0.9925,0
2026-09-28 10:20,606765,2026-09-30,ד',16:30,שנת הבגידה שלי,98,0.9925,0
2026-09-28 10:20,606763,2026-09-30,ד',18:40,פרימוורה,110,0.9513,0
2026-09-28 10:20,606764,2026-09-30,ד',21:00,עצמאות,109,0.9925,0
2026-09-28 10:40,606755,2026-09-28,ב',14:30,פרימוורה,110,0.9625,0
2026-09-28 10:40,606756,2026-09-28,ב',16:45,אומהה,83,0.9925,0
2026-09-28 10:40,606754,2026-09-28,ב',18:40,עצמאות,109,0.9513,0
2026-09-28 10:40,606753,2026-09-28,ב',21:00,פרימוורה,110,0.97,0
2026-09-28 10:40,606757,2026-09-29,ג',10:50,פרימוורה,110,0.985,0
2026-09-28 10:40,606759,2026-09-29,ג',13:10,עצמאות,109,0.9813,0
2026-09-28 10:40,606761,2026-09-29,ג',15:20,אומהה,83,0.9925,0
2026-09-28 10:40,606762,2026-09-29,ג',17:10,עצמאות,109,0.9925,0
2026-09-28 10:40,606758,2026-09-29,ג',19:20,פרימוורה,110,0.985,0
2026-09-28 10:40,606760,2026-09-29,ג',21:30,עצמאות,109,0.9925,0
2026-09-28 10:40,606766,2026-09-30,ד',14:15,עצמאות,109,0.9925,0
2026-09-28 10:40,606765,2026-09-30,ד',16:30,שנת הבגידה שלי,98,0.9925,0
2026-09-28 10:40,606763,2026-09-30,ד',18:40,פרימוורה,110,0.9513,0
2026-09-28 10:40,606764,2026-09-30,ד',21:00,עצמאות,109,0.9925,0
2026-09-28 11:00,606755,2026-09-28,ב',14:30,פרימוורה,110,0.9625,0
2026-09-28 11:00,606756,2026-09-28,ב',16:45,אומהה,83,0.9925,0
2026-09-28 11:00,606754,2026-09-28,ב',18:40,עצמאות,109,0.9438,0
2026-09-28 11:00,606753,2026-09-28,ב',21:00,פרימוורה,110,0.97,0
2026-09-28 11:00,606757,2026-09-29,ג',10:50,פרימוורה,110,0.985,0
2026-09-28 11:00,606759,2026-09-29,ג',13:10,עצמאות,109,0.9813,0
2026-09-28 11:00,606761,2026-09-29,ג',15:20,אומהה,83,0.9925,0
2026-09-28 11:00,606762,2026-09-29,ג',17:10,עצמאות,109,0.9925,0
2026-09-28 11:00,606758,2026-09-29,ג',19:20,פרימוורה,110,0.985,0
2026-09-28 11:00,606760,2026-09-29,ג',21:30,עצמאות,109,0.9925,0
2026-09-28 11:00,606766,2026-09-30,ד',14:15,עצמאות,109,0.9925,0
2026-09-28 11:00,606765,2026-09-30,ד',16:30,שנת הבגידה שלי,98,0.9925,0
2026-09-28 11:00,606763,2026-09-30,ד',18:40,פרימוורה,110,0.9513,0
2026-09-28 11:00,606764,2026-09-30,ד',21:00,עצמאות,109,0.9925,0
2026-09-28 11:20,606755,2026-09-28,ב',14:30,פרימוורה,110,0.9625,0
2026-09-28 11:20,606756,2026-09-28,ב',16:45,אומהה,83,0.9925,0
2026-09-28 11:20,606754,2026-09-28,ב',18:40,עצמאות,109,0.9438,0
2026-09-28 11:20,606753,2026-09-28,ב',21:00,פרימוורה,110,0.9625,0
2026-09-28 11:20,606757,2026-09-29,ג',10:50,פרימוורה,110,0.985,0
2026-09-28 11:20,606759,2026-09-29,ג',13:10,עצמאות,109,0.9813,0
2026-09-28 11:20,606761,2026-09-29,ג',15:20,אומהה,83,0.9925,0
2026-09-28 11:20,606762,2026-09-29,ג',17:10,עצמאות,109,0.9925,0
2026-09-28 11:20,606758,2026-09-29,ג',19:20,פרימוורה,110,0.985,0
2026-09-28 11:20,606760,2026-09-29,ג',21:30,עצמאות,109,0.9925,0
2026-09-28 11:20,606766,2026-09-30,ד',14:15,עצמאות,109,0.9925,0
2026-09-28 11:20,606765,2026-09-30,ד',16:30,שנת הבגידה שלי,98,0.9925,0
2026-09-28 11:20,606763,2026-09-30,ד',18:40,פרימוורה,110,0.9513,0
2026-09-28 11:20,606764,2026-09-30,ד',21:00,עצמאות,109,0.9925,0
2026-09-28 11:37,606755,2026-09-28,ב',14:30,פרימוורה,110,0.9625,
2026-09-28 11:37,606756,2026-09-28,ב',16:45,אומהה,83,0.9925,
2026-09-28 11:37,606754,2026-09-28,ב',18:40,עצמאות,109,0.9438,
2026-09-28 11:37,606753,2026-09-28,ב',21:00,פרימוורה,110,0.9625,
2026-09-28 11:37,606757,2026-09-29,ג',10:50,פרימוורה,110,0.985,
2026-09-28 11:37,606759,2026-09-29,ג',13:10,עצמאות,109,0.9813,
2026-09-28 11:37,606761,2026-09-29,ג',15:20,אומהה,83,0.9925,
2026-09-28 11:37,606762,2026-09-29,ג',17:10,עצמאות,109,0.985,
2026-09-28 11:37,606758,2026-09-29,ג',19:20,פרימוורה,110,0.985,
2026-09-28 11:37,606760,2026-09-29,ג',21:30,עצמאות,109,0.9925,
2026-09-28 11:37,606766,2026-09-30,ד',14:15,עצמאות,109,0.9925,
2026-09-28 11:37,606765,2026-09-30,ד',16:30,שנת הבגידה שלי,98,0.9925,
2026-09-28 11:37,606763,2026-09-30,ד',18:40,פרימוורה,110,0.9513,
2026-09-28 11:37,606764,2026-09-30,ד',21:00,עצמאות,109,0.9925,
2026-09-28 14:01,606755,2026-09-28,ב',14:30,פרימוורה,110,0.9438,0
2026-09-28 16:40,606756,2026-09-28,ב',16:45,אומהה,83,0.9476,0
2026-09-28 18:39,606754,2026-09-28,ב',18:40,עצמאות,109,0.809,0
2026-09-28 19:35,606753,2026-09-28,ב',21:00,פרימוורה,110,0.9326,0
2026-09-28 19:35,606757,2026-09-29,ג',10:50,פרימוורה,110,0.9775,0
2026-09-28 19:35,606759,2026-09-29,ג',13:10,עצמאות,109,0.9738,0
2026-09-28 19:35,606761,2026-09-29,ג',15:20,אומהה,83,0.9925,0
2026-09-28 19:35,606762,2026-09-29,ג',17:10,עצמאות,109,0.985,0
2026-09-28 19:35,606758,2026-09-29,ג',19:20,פרימוורה,110,0.9813,0
2026-09-28 19:35,606760,2026-09-29,ג',21:30,עצמאות,109,0.9925,0
2026-09-28 19:35,606766,2026-09-30,ד',14:15,עצמאות,109,0.9925,0
2026-09-28 19:35,606765,2026-09-30,ד',16:30,שנת הבגידה שלי,98,0.9925,0
2026-09-28 19:35,606763,2026-09-30,ד',18:40,פרימוורה,110,0.9401,0
2026-09-28 19:35,606764,2026-09-30,ד',21:00,עצמאות,109,0.9925,0
