snapshot_at,id,dateTime,featureName,availRatio,soldout,event
2026-09-28 11:37,606755,2026-09-28 14:30,פרימוורה,0.9625,0,new
2026-09-28 11:37,606756,2026-09-28 16:45,אומהה,0.9925,0,new
2026-09-28 11:37,606754,2026-09-28 18:40,עצמאות,0.9438,0,new
2026-09-28 11:37,606753,2026-09-28 21:00,פרימוורה,0.9625,0,new
2026-09-28 11:37,606757,2026-09-29 10:50,פרימוורה,0.985,0,new
2026-09-28 11:37,606759,2026-09-29 13:10,עצמאות,0.9813,0,new
2026-09-28 11:37,606761,2026-09-29 15:20,אומהה,0.9925,0,new
2026-09-28 11:37,606762,2026-09-29 17:10,עצמאות,0.985,0,new
2026-09-28 11:37,606758,2026-09-29 19:20,פרימוורה,0.985,0,new
2026-09-28 11:37,606760,2026-09-29 21:30,עצמאות,0.9925,0,new
2026-09-28 11:37,606766,2026-09-30 14:15,עצמאות,0.9925,0,new
2026-09-28 11:37,606765,2026-09-30 16:30,שנת הבגידה שלי,0.9925,0,new
2026-09-28 11:37,606763,2026-09-30 18:40,פרימוורה,0.9513,0,new
2026-09-28 11:37,606764,2026-09-30 21:00,עצמאות,0.9925,0,new
2026-09-28 12:39,606755,2026-09-28 14:30,פרימוורה,0.9588,0,change
2026-09-28 12:39,606756,2026-09-28 16:45,אומהה,0.9888,0,change
2026-09-28 12:39,606754,2026-09-28 18:40,עצמאות,0.9288,0,change
2026-09-28 14:01,606755,2026-09-28 14:30,פרימוורה,0.9438,0,change
2026-09-28 14:01,606754,2026-09-28 18:40,עצמאות,0.9139,0,change
2026-09-28 16:17,606756,2026-09-28 16:45,אומהה,0.9775,0,change
2026-09-28 16:17,606754,2026-09-28 18:40,עצמאות,0.8989,0,change
2026-09-28 16:17,606753,2026-09-28 21:00,פרימוורה,0.9551,0,change
2026-09-28 16:17,606763,2026-09-30 18:40,פרימוורה,0.9401,0,change
2026-09-28 16:40,606756,2026-09-28 16:45,אומהה,0.9476,0,change
2026-09-28 16:40,606754,2026-09-28 18:40,עצמאות,0.8839,0,change
2026-09-28 17:08,606754,2026-09-28 18:40,עצמאות,0.8764,0,change
2026-09-28 18:04,606754,2026-09-28 18:40,עצמאות,0.8614,0,change
2026-09-28 18:32,606754,2026-09-28 18:40,עצמאות,0.809,0,change
2026-09-28 18:32,606753,2026-09-28 21:00,פרימוורה,0.9326,0,change
2026-09-28 19:07,606757,2026-09-29 10:50,פרימוורה,0.9775,0,change
2026-09-28 19:07,606758,2026-09-29 19:20,פרימוורה,0.9813,0,change
2026-09-28 19:35,606759,2026-09-29 13:10,עצמאות,0.9738,0,change
2026-09-28 20:03,606753,2026-09-28 21:00,פרימוורה,0.9251,0,change
2026-09-28 20:31,606753,2026-09-28 21:00,פרימוורה,0.9176,0,change
2026-09-28 20:55,606753,2026-09-28 21:00,פרימוורה,0.8689,0,change
2026-09-28 21:27,606762,2026-09-29 17:10,עצמאות,0.97,0,change
2026-09-28 22:51,606759,2026-09-29 13:10,עצמאות,0.9663,0,change
2026-09-29 07:15,606759,2026-09-29 13:10,עצמאות,0.9588,0,change
2026-09-29 08:11,606758,2026-09-29 19:20,פרימוורה,0.9738,0,change
2026-09-29 09:35,606759,2026-09-29 13:10,עצמאות,0.9438,0,change
2026-09-29 10:03,606759,2026-09-29 13:10,עצמאות,0.9326,0,change
2026-09-29 10:03,606764,2026-09-30 21:00,עצמאות,0.985,0,change
2026-09-29 10:31,606757,2026-09-29 10:50,פרימוורה,0.9401,0,change
2026-09-29 10:31,607323,2026-10-01 14:30,להתאהב בטוסקנה,0.9925,0,new
2026-09-29 10:31,607322,2026-10-01 16:30,עצמאות,0.9925,0,new
2026-09-29 10:31,607321,2026-10-01 18:45,פרימוורה,0.9925,0,new
2026-09-29 10:31,607320,2026-10-01 21:00,דיגר,0.9925,0,new
2026-09-29 10:31,607328,2026-10-02 12:30,פרימוורה,0.9925,0,new
2026-09-29 10:31,607327,2026-10-02 14:50,להתאהב בטוסקנה,0.9925,0,new
2026-09-29 10:31,607326,2026-10-02 17:00,עצמאות,0.9925,0,new
2026-09-29 10:31,607325,2026-10-02 19:15,פרימוורה,0.9925,0,new
2026-09-29 10:31,607324,2026-10-02 21:30,דיגר,0.9925,0,new
2026-09-29 10:31,607333,2026-10-03 11:00,פרימוורה,0.9925,0,new
2026-09-29 10:31,607332,2026-10-03 13:15,להתאהב בטוסקנה,0.9925,0,new
2026-09-29 10:31,607331,2026-10-03 15:10,עצמאות,0.9925,0,new
2026-09-29 10:31,607334,2026-10-03 17:25,אומהה,0.9925,0,new
2026-09-29 10:31,607330,2026-10-03 19:15,פרימוורה,0.9925,0,new
2026-09-29 10:31,607329,2026-10-03 21:30,דיגר,0.9925,0,new
2026-09-29 10:31,607336,2026-10-04 16:30,פרימוורה,0.9925,0,new
2026-09-29 10:31,607337,2026-10-04 18:45,עצמאות,0.9925,0,new
2026-09-29 10:31,607335,2026-10-04 21:00,דיגר,0.9925,0,new
2026-09-29 10:31,607340,2026-10-05 16:30,להתאהב בטוסקנה,0.9925,0,new
2026-09-29 10:31,607338,2026-10-05 18:25,דיגר,0.9925,0,new
2026-09-29 10:31,607339,2026-10-05 21:00,פרימוורה,0.9925,0,new
2026-09-29 10:31,607345,2026-10-06 11:00,פרימוורה,0.9925,0,new
2026-09-29 10:31,607344,2026-10-06 13:15,להתאהב בטוסקנה,0.9925,0,new
2026-09-29 10:31,607343,2026-10-06 15:10,עצמאות,0.9925,0,new
2026-09-29 10:31,607346,2026-10-06 17:25,אומהה,0.9925,0,new
2026-09-29 10:31,607342,2026-10-06 19:15,פרימוורה,0.9925,0,new
2026-09-29 10:31,607341,2026-10-06 21:30,דיגר,0.9925,0,new
2026-09-29 10:31,607349,2026-10-07 16:50,להתאהב בטוסקנה,0.9925,0,new
2026-09-29 10:31,607348,2026-10-07 18:45,עצמאות,0.9925,0,new
2026-09-29 10:31,607347,2026-10-07 21:00,דיגר,0.9925,0,new
2026-09-29 10:45,606757,2026-09-29 10:50,פרימוורה,0.8202,0,change
2026-09-29 10:45,606758,2026-09-29 19:20,פרימוורה,0.9663,0,change
2026-09-29 10:45,606763,2026-09-30 18:40,פרימוורה,0.9476,0,change
2026-09-29 12:13,606759,2026-09-29 13:10,עצמאות,0.9251,0,change
2026-09-29 12:13,606758,2026-09-29 19:20,פרימוורה,0.9588,0,change
2026-09-29 12:41,606759,2026-09-29 13:10,עצמאות,0.9213,0,change
2026-09-29 12:41,606761,2026-09-29 15:20,אומהה,0.9888,0,change
2026-09-29 12:41,606758,2026-09-29 19:20,פרימוורה,0.9438,0,change
2026-09-29 13:05,606759,2026-09-29 13:10,עצמאות,0.9026,0,change
2026-09-29 14:05,606758,2026-09-29 19:20,פרימוורה,0.9363,0,change
2026-09-29 14:33,606761,2026-09-29 15:20,אומהה,0.985,0,change
2026-09-29 14:33,606762,2026-09-29 17:10,עצמאות,0.9625,0,change
2026-09-29 14:33,606758,2026-09-29 19:20,פרימוורה,0.9251,0,change
2026-09-29 15:01,606761,2026-09-29 15:20,אומהה,0.9513,0,change
2026-09-29 15:01,606758,2026-09-29 19:20,פרימוורה,0.9101,0,change
2026-09-29 15:15,606761,2026-09-29 15:20,אומהה,0.8989,0,change
2026-09-29 15:15,606758,2026-09-29 19:20,פרימוורה,0.8951,0,change
2026-09-29 15:47,607342,2026-10-06 19:15,פרימוורה,0.985,0,change
2026-09-29 16:15,606762,2026-09-29 17:10,עצמאות,0.9551,0,change
2026-09-29 16:43,606762,2026-09-29 17:10,עצמאות,0.9363,0,change
2026-09-29 17:05,606762,2026-09-29 17:10,עצמאות,0.839,0,change
2026-09-29 17:37,606758,2026-09-29 19:20,פרימוורה,0.8764,0,change
2026-09-29 17:37,607321,2026-10-01 18:45,פרימוורה,0.9888,0,change
2026-09-29 18:05,606758,2026-09-29 19:20,פרימוורה,0.8652,0,change
2026-09-29 18:05,606766,2026-09-30 14:15,עצמאות,0.985,0,change
2026-09-29 18:05,607324,2026-10-02 21:30,דיגר,0.985,0,change
2026-09-29 18:33,606758,2026-09-29 19:20,פרימוורה,0.8464,0,change
2026-09-29 18:33,606760,2026-09-29 21:30,עצמאות,0.985,0,change
2026-09-29 19:01,606758,2026-09-29 19:20,פרימוורה,0.7903,0,change
2026-09-29 19:01,606760,2026-09-29 21:30,עצמאות,0.9775,0,change
2026-09-29 19:15,606758,2026-09-29 19:20,פרימוורה,0.7341,0,change
2026-09-29 19:15,606760,2026-09-29 21:30,עצמאות,0.9738,0,change
2026-09-29 20:43,607337,2026-10-04 18:45,עצמאות,0.985,0,change
2026-09-29 21:11,606760,2026-09-29 21:30,עצמאות,0.9588,0,change
2026-09-29 21:25,606760,2026-09-29 21:30,עצמאות,0.9213,0,change
2026-09-30 08:41,606763,2026-09-30 18:40,פרימוורה,0.9401,0,change
2026-09-30 10:05,607321,2026-10-01 18:45,פרימוורה,0.9925,0,change
2026-09-30 10:33,607328,2026-10-02 12:30,פרימוורה,0.985,0,change
2026-09-30 11:29,606766,2026-09-30 14:15,עצמאות,0.9738,0,change
2026-09-30 11:29,607323,2026-10-01 14:30,להתאהב בטוסקנה,0.985,0,change
2026-09-30 11:57,607331,2026-10-03 15:10,עצמאות,0.9888,0,change
2026-09-30 12:25,606763,2026-09-30 18:40,פרימוורה,0.9326,0,change
2026-09-30 12:53,606763,2026-09-30 18:40,פרימוורה,0.9213,0,change
2026-09-30 13:21,606763,2026-09-30 18:40,פרימוורה,0.9101,0,change
2026-09-30 13:21,607333,2026-10-03 11:00,פרימוורה,0.985,0,change
