run_at,screenings,status
2026-10-01 00:15,30,ok
2026-10-01 00:43,30,ok
2026-10-01 01:11,30,ok
2026-10-01 01:39,30,ok
2026-10-01 02:07,30,ok
2026-10-01 02:35,30,ok
2026-10-01 03:03,30,ok
2026-10-01 03:31,30,ok
2026-10-01 03:59,30,ok
2026-10-01 04:27,30,ok
2026-10-01 04:55,30,ok
2026-10-01 05:23,30,ok
2026-10-01 05:51,30,ok
2026-10-01 06:19,30,ok
2026-10-01 06:47,30,ok
2026-10-01 07:15,30,ok
2026-10-01 07:43,30,ok
2026-10-01 08:11,30,ok
2026-10-01 08:39,30,ok
2026-10-01 09:07,30,ok
2026-10-01 09:35,30,ok
2026-10-01 10:03,30,ok
2026-10-01 10:31,30,ok
2026-10-01 10:59,30,ok
2026-10-01 11:27,30,ok
2026-10-01 11:55,30,ok
2026-10-01 12:23,30,ok
2026-10-01 12:51,30,ok
2026-10-01 13:19,30,ok
2026-10-01 13:47,30,ok
2026-10-01 14:15,30,ok
2026-10-01 14:25,30,ok
2026-10-01 14:26,30,ok
2026-10-01 14:27,30,ok
2026-10-01 14:28,30,ok
2026-10-01 14:29,30,ok
2026-10-01 14:57,29,ok
2026-10-01 15:25,29,ok
2026-10-01 15:53,29,ok
2026-10-01 16:21,29,ok
2026-10-01 16:25,29,ok
2026-10-01 16:26,29,ok
2026-10-01 16:27,29,ok
2026-10-01 16:28,29,ok
2026-10-01 16:29,29,ok
2026-10-01 16:57,28,ok
2026-10-01 17:25,28,ok
2026-10-01 17:53,28,ok
2026-10-01 18:21,28,ok
2026-10-01 18:40,28,ok
2026-10-01 18:41,28,ok
2026-10-01 18:42,28,ok
2026-10-01 18:43,28,ok
2026-10-01 18:44,28,ok
2026-10-01 19:12,27,ok
2026-10-01 19:40,27,ok
2026-10-01 20:08,27,ok
2026-10-01 20:36,27,ok
2026-10-01 20:55,27,ok
2026-10-01 20:56,27,ok
2026-10-01 20:57,27,ok
2026-10-01 20:58,27,ok
2026-10-01 20:59,27,ok
2026-10-01 21:27,26,ok
2026-10-01 21:55,26,ok
2026-10-01 22:23,26,ok
2026-10-01 22:51,26,ok
2026-10-01 23:19,26,ok
2026-10-01 23:47,26,ok
2026-10-02 00:15,26,ok
2026-10-02 00:43,26,ok
2026-10-02 01:11,26,ok
2026-10-02 01:39,26,ok
2026-10-02 02:07,26,ok
2026-10-02 02:35,26,ok
2026-10-02 03:03,26,ok
2026-10-02 03:31,26,ok
2026-10-02 03:59,26,ok
2026-10-02 04:27,26,ok
2026-10-02 04:55,26,ok
2026-10-02 05:23,26,ok
2026-10-02 05:51,26,ok
2026-10-02 06:19,26,ok
2026-10-02 06:47,26,ok
2026-10-02 07:15,26,ok
2026-10-02 07:43,26,ok
2026-10-02 08:11,26,ok
2026-10-02 08:39,26,ok
2026-10-02 09:07,26,ok
2026-10-02 09:35,26,ok
2026-10-02 10:03,26,ok
2026-10-02 10:31,26,ok
2026-10-02 10:59,26,ok
2026-10-02 11:27,26,ok
2026-10-02 11:55,26,ok
2026-10-02 12:23,26,ok
2026-10-02 12:25,26,ok
2026-10-02 12:26,26,ok
2026-10-02 12:27,26,ok
2026-10-02 12:28,26,ok
2026-10-02 12:29,26,ok
2026-10-02 12:57,25,ok
2026-10-02 13:25,25,ok
2026-10-02 13:53,25,ok
2026-10-02 17:57,23,ok
2026-10-02 22:52,21,ok
2026-10-03 02:33,21,ok
2026-10-03 05:18,21,ok
2026-10-03 11:21,20,ok
2026-10-03 16:35,18,ok
2026-10-03 20:36,16,ok
2026-10-03 23:12,15,ok
2026-10-04 02:08,15,ok
2026-10-04 05:40,15,ok
2026-10-04 11:50,15,ok
2026-10-04 17:33,16,ok
2026-10-04 21:20,14,ok
2026-10-05 00:44,14,ok
2026-10-05 03:13,14,ok
2026-10-05 08:52,14,ok
2026-10-05 16:44,13,ok
2026-10-06 00:20,11,ok
2026-10-06 04:47,11,ok
2026-10-06 11:11,31,ok
